{"cameraMode":{"drawMode":0,"name":"Shaded","section":"Shading Mode"},"sceneLighting":false,"audioPlay":false,"sceneViewState":{"m_AlwaysRefresh":false,"showFog":false,"showSkybox":false,"showFlares":false,"showImageEffects":false,"showParticleSystems":false,"showVisualEffectGraphs":true,"m_FxEnabled":true},"in2DMode":false,"pivot":{"x":-0.0981694757938385,"y":0.4003872275352478,"z":-0.0757656991481781},"rotation":{"x":-0.2915084958076477,"y":-0.0066031645983457569,"z":0.00201261299662292,"w":-0.9565462470054627},"size":0.5671538710594177,"orthographic":false}