{"cameraMode":{"drawMode":0,"name":"Shaded","section":"Shading Mode"},"sceneLighting":false,"audioPlay":false,"sceneViewState":{"m_AlwaysRefresh":false,"showFog":false,"showSkybox":false,"showFlares":false,"showImageEffects":false,"showParticleSystems":false,"showVisualEffectGraphs":true,"m_FxEnabled":true},"in2DMode":false,"pivot":{"x":-0.0020431727170944216,"y":0.1282617747783661,"z":0.0033709555864334108},"rotation":{"x":0.13687826693058015,"y":0.6992968320846558,"z":0.13920895755290986,"w":-0.6876683831214905},"size":0.26155200600624087,"orthographic":false}