{"cameraMode":{"drawMode":0,"name":"Shaded","section":"Shading Mode"},"sceneLighting":false,"audioPlay":false,"sceneViewState":{"m_AlwaysRefresh":false,"showFog":false,"showSkybox":false,"showFlares":false,"showImageEffects":false,"showParticleSystems":false,"showVisualEffectGraphs":true,"m_FxEnabled":true},"in2DMode":false,"pivot":{"x":0.032165154814720157,"y":0.585060715675354,"z":-0.009498244151473046},"rotation":{"x":-0.0040643527172505859,"y":0.9701955914497376,"z":-0.016310397535562516,"w":-0.2417454719543457},"size":0.3301357626914978,"orthographic":false}