{"cameraMode":{"drawMode":0,"name":"Shaded","section":"Shading Mode"},"sceneLighting":false,"audioPlay":false,"sceneViewState":{"m_AlwaysRefresh":false,"showFog":false,"showSkybox":false,"showFlares":false,"showImageEffects":false,"showParticleSystems":false,"showVisualEffectGraphs":true,"m_FxEnabled":true},"in2DMode":false,"pivot":{"x":-0.016452401876449586,"y":0.40172743797302248,"z":-0.05553071200847626},"rotation":{"x":-0.03992712125182152,"y":0.9082397222518921,"z":-0.0891188457608223,"w":-0.4069020450115204},"size":0.5425392985343933,"orthographic":false}