{"cameraMode":{"drawMode":0,"name":"Shaded","section":"Shading Mode"},"sceneLighting":false,"audioPlay":false,"sceneViewState":{"m_AlwaysRefresh":false,"showFog":false,"showSkybox":false,"showFlares":false,"showImageEffects":false,"showParticleSystems":false,"showVisualEffectGraphs":true,"m_FxEnabled":true},"in2DMode":false,"pivot":{"x":-0.040174275636672977,"y":0.39405393600463869,"z":-0.07409253716468811},"rotation":{"x":0.39387333393096926,"y":-0.025908615440130235,"z":0.011101134121418,"w":0.9187386631965637},"size":0.6119028925895691,"orthographic":false}