{"cameraMode":{"drawMode":0,"name":"Shaded","section":"Shading Mode"},"sceneLighting":false,"audioPlay":false,"sceneViewState":{"m_AlwaysRefresh":false,"showFog":false,"showSkybox":false,"showFlares":false,"showImageEffects":false,"showParticleSystems":false,"showVisualEffectGraphs":true,"m_FxEnabled":true},"in2DMode":false,"pivot":{"x":-0.37287861108779909,"y":0.4284069836139679,"z":0.4717780351638794},"rotation":{"x":-0.01730179227888584,"y":0.9826553463935852,"z":-0.13528195023536683,"w":-0.12567168474197389},"size":0.6423958539962769,"orthographic":false}